molecule,num_levels,levels,slope,intercept,r_squared,upper_level,loq,accuracies
Choline,8,"[0.005, 0.01, 0.025, 0.05, 0.1, 0.25, 0.5, 1.0]",23857583.899727292,20581.779316131637,0.99425,1.0,0.005,"[117.0, 109.5, 94.9, 95.0, 93.1, 92.1, 95.0, 106.1]"
Glu_neg,8,"[0.005, 0.01, 0.025, 0.05, 0.1, 0.25, 0.5, 1.0]",253987.2741166952,1800.4610267014275,0.99098,1.0,0.025,"[85.3, 222.0, 85.4, 96.1, 88.6, 86.9, 96.9, 107.4]"
Glu_pos,8,"[0.05, 0.1, 0.25, 0.5, 1.0, 2.5, 5.0, 10.0]",115802.66340016181,-1462.5837453924278,0.99953,10.0,0.05,"[80.2, 99.2, 105.2, 109.7, 108.2, 98.3, 101.7, 98.4]"
